Title,LastName,FirstName,MaidenName,City,Postcode,Address
Mr.,Christmann,Emil,,Chester,CH6 34H,3 Graham ways
Miss,Heikkinen,Laina,,Bolton,BL0 1XG,0 Griffin wells
Lady.,Duff Gordon,Lucille Christiana,Sutherland,,,
Miss,Pettersson,Ellen Natalia,,Northampton,NN0 H5R,889 Murray glen
Mr.,Odahl,Nils Martin,,Derby,DE7 QZ7,"Studio 2, Long courts"
Mr.,Boulos,Hanna,,,,
Miss,Ayoub,Banoura,,,,
Mr.,Hedman,Oskar Arvid,,Tunbridge Wells,TN4 JH1,82 Marc inlet
Mrs.,Clarke,Ada Maria,Winfield,Salisbury,SP5 2BL,270 Peacock plains
Miss,Skoog,Margit Elizabeth,,Plymouth,PL0 DFP,726 Declan ridge
Mr.,Davidson,Thornton,,Shrewsbury,SY2 M4R,605 Ward knoll
Mr.,Willey,Edward,,London,N37 IY8,877 Phillips drive
Mr.,Celotti,Francesco,,London,NW9 NY2,779 Geoffrey manors
Mr.,Fox,Stanley Hubert,,Torquay,TQ2 46V,870 Dunn camp
Mr.,Slocovski,Selman Francis,,Huddersfield,HD7 TWE,89 Jeffrey trace
Mr.,Shorney,Charles Joseph,,Twickenham,TW7 IP6,"Flat 58W, King plaza"
Miss,Buss,Kate,,Portsmouth,PO2 M24,0 Keith lakes
Mr.,Williams,Charles Duane,,,,
Mr.,Leonard,Lionel,,Derby,DE2 RL2,66 Palmer rapid
Mrs.,Ahlin,Johanna Persdotter,Larsson,Bolton,BL6 ZF7,2 Georgina forges
Mr.,Chaffee,Herbert Fuller,,St Albans,AL4 QEW,7 Chapman villages
Mr.,Beane,Edward,,Cardiff,CF9 GOC,87 Alan fall
Miss,Ilett,Bertha,,Redhill,RH6 QMA,78 Leah dale
Mrs.,Chambers,Bertha,Griggs,Kilmarnock,KA7 8DC,2 Jodie mountains
Mrs.,Harris,Irene,Wallach,London,SW8 Z9F,8 Matthews turnpike
Miss,Honkanen,Eliina,,Darlington,DL7 T0U,"Studio 8, Clark plaza"
Mr.,Yousseff,Gerious,,,,
Mr.,Holverson,Alexander Oskar,,Dumfries,DG7 91L,44 Andrews avenue
Mr.,Carlsson,Frans Olof,,Paisley,PA0 KF3,28 Roberts club
Mr.,Banfield,Frederick James,,Lancaster,LA0 PNF,"Studio 1, Gavin ports"
Mr.,Meo,Alfonzo,,Sheffield,S26 8OX,341 Heather wall
Mrs.,Allison,Bessie Waldo,Daniels,Leicester,LE8 2G4,"Studio 07, Gill springs"
Mr.,Green,George Henry,,Cardiff,CF0 KK0,54 Molly throughway
Mr.,Cann,Ernest Charles,,Galashiels,TD1 VHX,0 Clarke vista
Miss,Devaney,Margaret Delia,,Blackburn,BB0 BYS,0 Derek shoals
Col.,Weir,John,,Twickenham,TW5 NEZ,"Studio 1, Deborah path"
Miss,Funk,Annie Clemmer,,Durham,DH5 PEO,"Studio 0, Adams mountains"
Miss,Harper,"Annie Jessie ""Nina""",,Norwich,NR0 DJN,"Studio 08k, Carole dam"
Miss,Nicola-Yarred,Jamila,,,,
Master,Sage,Thomas Henry,,Belfast,BT3 D20,396 Ward drives
Mr.,Birkeland,Hans Martin Monsen,,Oldham,OL5 AC4,02 Potter route
Mr.,Goodwin,Charles Edward,,Luton,LU4 94H,"Studio 45E, Roger heights"
Mrs.,Beckwith,Sallie,Monypeny,London,NW1 N78,"Studio 8, Lisa lakes"
Miss,Silven,Lyyli Karoliina,,Tunbridge Wells,TN6 S1J,"Studio 46, Hall locks"
Miss,Jussila,Mari Aina,,London,WC3 U4P,504 Adrian track
Miss,Taussig,Ruth,,Preston,PR1 9WD,384 Diana underpass
Mr.,Vovk,Janko,,Edinburgh,EH5 8CI,730 Ellis rest
Mr.,Turcin,Stjepan,,London,NW7 DA6,0 Baldwin grove
Mr.,van Billiard,Austin Blyler,,Telford,TF8 F17,"Flat 74, Carter isle"
Mr.,Hold,Stephen,,Brighton,BN7 8QA,8 Karen estate
Mr.,Kilgannon,Thomas J,,Kingston upon Thames,KT7 ABK,"Flat 41, Jackson mill"
Miss,Andersson,Ellis Anna Maria,,London,SW4 AO8,38 Abdul ridge
Mr.,Braund,Owen Harris,,Portsmouth,PO9 1CI,"Flat 6, Dean well"
Mrs.,Van Impe,Rosalie Paula,Govaert,Milton Keynes,MK5 N93,8 Barrett inlet
Mr.,Kantor,Sinai,,Leicester,LE0 2T4,"Flat 60q, Billy mountain"
Mr.,Frost,"Anthony Wood ""Archie""",,Galashiels,TD4 LET,906 Gail camp
Mr.,Otter,Richard,,Worcester,WR6 UMY,"Flat 62, Todd lodge"
Mr.,Andersson,Anders Johan,,Aberdeen,AB4 O92,"Studio 6, Douglas station"
Mr.,Mineff,Ivan,,London,E80 O0Z,"Flat 7, Bailey extension"
Mr.,Risien,Samuel Beard,,London,NW7 D8I,"Studio 44, Preston lock"
Mr.,Rouse,Richard Henry,,Slough,SL4 AZZ,"Flat 4, Murphy trail"
Miss,McCoy,Agnes,,Durham,DH7 YAN,4 Heather plains
Miss,Jermyn,Annie,,Twickenham,TW9 W8K,"Flat 25, Annette river"
Mr.,Stead,William Thomas,,Enfield,EN6 44U,"Studio 08, Kirk station"
Mr.,Connors,Patrick,,Chester,CH1 M6Y,"Flat 25T, Harriet underpass"
Miss,Yrois,Henriette ,,Bradford,BD6 13V,25 Davies drive
Mr.,Downton,William James,,Llandudno,LL5 QF8,"Studio 9, Sam ports"
Mr.,Bradley,George ,,Cardiff,CF9 ZDV,19 Allan port
Miss,Hart,Eva Miriam,,Kirkwall,KW9 GUK,92 Wilkinson inlet
Miss,Karun,Manca,,,,
Mr.,Butler,Reginald Fenton,,Bradford,BD7 MSH,"Flat 2, Eleanor rest"
Mr.,Coleridge,Reginald Charles,,Torquay,TQ8 3DW,"Studio 58Q, Amelia underpass"
Master,Carter,William Thornton II,,Llandrindod Wells,LD0 CM5,"Flat 47, Green street"
Mrs.,Parrish,Lutie,Davis,Bristol,BS9 Y87,"Studio 3, Ferguson inlet"
Miss,Wick,Mary Natalie,,Leicester,LE9 KK7,"Studio 38, Murphy via"
Miss,Asplund,Lillian Gertrud,,Sheffield,S92 5MA,422 Callum views
Mr.,Hansen,Claus Peter,,Stoke-on-Trent,ST2 B4H,"Studio 99D, Wilson haven"
Mr.,Rogers,William John,,Southampton,SO5 XDS,9 Maria trace
Master,Asplund,Clarence Gustaf Hugo,,Northampton,NN1 SM5,780 Derek village
Mr.,Sobey,Samuel James Hayden,,Croydon,CR7 5OA,502 Thomas row
Miss,Moran,Bertha,,London,WC6 20R,44 Holland circles
Miss,Frolicher,Hedwig Margaritha,,,,
Mr.,Myhrman,Pehr Fabian Oliver Malkolm,,London,W14 3F6,"Flat 33o, Harrison mount"
Miss,Johnson,Eleanor Ileen,,Dorchester,DT3 11A,"Studio 00b, Lauren knolls"
Mr.,Seward,Frederic Kimber,,Blackburn,BB4 C11,81 Wayne highway
Mr.,Nankoff,Minko,,Huddersfield,HD9 K3W,"Flat 7, Johnston forges"
Sir.,Duff Gordon,Cosmo Edmund ,,,,
Miss,Skoog,Mabel,,Lincoln,LN0 N03,407 Moore road
Mrs.,Bourke,John ,Catherine,Portsmouth,PO7 VEY,"Studio 8, Conor spurs"
Mr.,Sundman,Johan Julian,,Truro,TR2 2RR,"Studio 01, Nicholas drives"
Mrs.,Abbott,Rosa,Hunt,Coventry,CV2 IX4,6 Evans tunnel
Mr.,Gheorgheff,Stanio,,,,
Mrs.,Weisz,Mathilde Francoise,Pede,Croydon,CR8 BWN,"Flat 62X, Ronald ridges"
Mr.,Kalvik,Johannes Halvorsen,,Peterborough,PE9 7U1,3 Gregory lakes
Mr.,Panula,Jaako Arnold,,Milton Keynes,MK7 TIG,"Studio 9, Johnston trail"
Mr.,Stoytcheff,Ilia,,Sheffield,S88 VGB,844 Heath plaza
Master,Davies,John Morgan Jr,,Glasgow,G04 UR6,"Flat 50, Bailey street"
Mr.,Nosworthy,Richard Cater,,Chelmsford,CM1 96G,5 Potter garden
Master,Johnson,Harold Theodor,,Chester,CH7 9D3,70 Clarke fields
Mr.,Humblen,Adolf Mathias Nicolai Olsen,,London,WC0 WJ2,"Studio 7, Lee island"
Mrs.,Turkula,Hedwig,Hedwig,Hereford,HR1 8IY,"Studio 0, Stephen throughway"
Mr.,Betros,Tannous,,,,
Mr.,Greenfield,William Bertram,,,,
Mr.,Futrelle,Jacques Heath,,Dumfries,DG4 04G,"Flat 59c, Rita brook"
Mr.,Kallio,Nikolai Erland,,Wolverhampton,WV2 ZFL,"Flat 77, Holmes hills"
Mr.,Thayer,John Borland,,,,
Mr.,Holm,John Fredrik Alexander,,Norwich,NR9 FTV,"Studio 35k, Tina squares"
Mrs.,Bystrom,Karolina,Karolina,Stoke-on-Trent,ST2 ZZ3,4 Bailey flat
Miss,Endres,Caroline Louise,,,,
Mr.,Williams,Charles Eugene,,Nottingham,NG9 F8Z,"Studio 07, Victor ways"
Mr.,Waelens,Achille,,Lincoln,LN1 WYA,3 Charlene circles
Miss,Ohman,Velin,,Leeds,LS5 IVM,56 Lee junction
Miss,Lefebre,Jeannie,,Bristol,BS5 VXZ,6 Clarke island
Miss,Nysten,Anna Sofia,,Newport,NP1 UAV,"Studio 69Q, Goddard via"
Miss,Najib,"Adele Kiamie ""Jane""",,,,
Mr.,Harris,Walter,,Belfast,BT5 EOE,"Flat 11W, Boyle shoal"
Mrs.,Warren,Anna Sophia,Atkinson,,,
Miss,Herman,Alice,,Bristol,BS3 LTY,"Studio 51X, Shannon springs"
Miss,Newell,Marjorie,,,,
Mrs.,Angle,"Florence ""Mary"" Agnes",Hughes,Southall,UB6 RG8,41 Daniel passage
Miss,Emanuel,Virginia Ethel,,Plymouth,PL8 PZR,118 Suzanne ramp
Miss,Sage,Stella Anna,,Redhill,RH6 GLB,"Studio 3, Richard locks"
Miss,Glynn,Mary Agatha,,Shrewsbury,SY4 P3H,"Studio 13n, Pugh orchard"
Mr.,Lemberopolous,Peter L,,,,
Miss,Sinkkonen,Anna,,Aberdeen,AB0 U6T,91 Clifford centers
Miss,Sage,Constance Gladys,,Northampton,NN5 PHD,6 Evans wall
Mr.,McKane,Peter David,,Falkirk,FK4 J97,849 Marion flat
Master,Panula,Urho Abraham,,St Albans,AL0 VS3,01 Barnett keys
Miss,Lurette,Elise,,,,
Mr.,Hanna,Mansour,,,,
Mr.,McNamee,Neal,,London,N66 Q1V,"Flat 5, Chloe estate"
Mrs.,Barbara,Catherine,David,,,
Miss,Collyer,"Marjorie ""Lottie""",,Reading,RG1 ABG,372 Bradley ridge
Mr.,Stankovic,Ivan,,,,
Mr.,Webber,James,,London,SW8 UCO,600 O'Brien summit
Mr.,Williams,Leslie,,Dorchester,DT5 16R,"Flat 60l, Rose shores"
Mr.,Thorneycroft,Percival,,Kirkcaldy,KY5 UIH,92 Ryan pine
Mr.,Johnston,Andrew G,,Warrington,WA3 N8Y,"Flat 36w, Julian divide"
Mrs.,Thayer,Marian Longstreth,Morris,,,
Miss,Kelly,"Anna Katherine ""Annie Kate""",,Enfield,EN3 IWD,"Flat 59E, Harry wall"
Mr.,Cardeza,Thomas Drake Martinez,,,,
Mr.,Jarvis,John Denzil,,Chelmsford,CM6 TXT,"Flat 73, Emma overpass"
Mr.,Corn,Harry,,Bradford,BD3 KAM,"Flat 48, Hugh knoll"
Miss,McDermott,Brigdet Delia,,Nottingham,NG4 NKM,35 Amber mill
Mr.,Abelson,Samuel,,,,
Mr.,Somerton,Francis William,,Huddersfield,HD9 P9P,"Flat 68W, Kerry stravenue"
Mr.,Nysveen,Johan Hansen,,Cambridge,CB5 9F2,"Studio 94G, Bruce roads"
Mr.,Jensen,Svend Lauritz,,Cardiff,CF6 HIU,"Studio 20, Margaret ranch"
Miss,Longley,Gretchen Fiske,,Crewe,CW5 UT2,195 Evans valley
Mr.,Rosblom,Viktor Richard,,York,YO6 Z7H,"Studio 25P, Owens glens"
Miss,Garside,Ethel,,Derby,DE2 8I6,1 Vanessa key
Master,Rice,Eric,,Bristol,BS3 0GJ,"Flat 55D, Gemma mountain"
Miss,Goodwin,Lillian Amy,,Glasgow,G54 XMX,"Studio 20F, Wilson route"
Mr.,Peduzzi,Joseph,,Lancaster,LA7 JGS,2 Thompson falls
Mrs.,Lemore,Amelia,Milley,Cardiff,CF8 INK,"Studio 69p, Jonathan way"
Mr.,Milling,Jacob Christian,,Lerwick,ZE7 WBC,76 Coles park
Mr.,Allen,William Henry,,Chelmsford,CM3 V66,"Studio 65, Leah falls"
Mr.,Denkoff,Mitto,,Worcester,WR3 KQJ,"Flat 58Z, Natalie branch"
Mr.,Gustafsson,Alfred Ossian,,Ipswich,IP2 JBV,"Studio 73j, Malcolm creek"
Mr.,Jussila,Eiriik,,Romford,RM3 JJD,"Flat 99M, Newton walks"
Mr.,Scanlan,James,,Glasgow,G48 NCD,577 Tracy centers
Miss,Van Impe,Catharina,,Telford,TF1 TLM,394 Davis shore
Mr.,McGough,James Robert,,Telford,TF8 N56,827 Lesley plains
Mr.,Walker,William Anderson,,Southampton,SO9 F33,"Studio 12, Angela port"
Miss,Toomey,Ellen,,Peterborough,PE7 3ML,"Flat 2, Zoe valley"
Mr.,Norman,Robert Douglas,,Oxford,OX7 E5J,"Studio 2, Bartlett corner"
Mr.,Madsen,Fridtjof Arne,,Wakefield,WF4 BB4,"Studio 25, Leonard roads"
Mr.,Gustafsson,Karl Gideon,,Perth,PH1 RSR,1 Naomi park
Miss,Young,Marie Grice,,,,
Mr.,Edvardsson,Gustaf Hjalmar,,Dartford,DA9 I49,"Flat 76, Nicholson divide"
Mr.,Flynn,John,,Dumfries,DG1 S5G,"Studio 3, Kent stravenue"
Master,Allison,Hudson Trevor,,Bournemouth,BH8 6IE,"Studio 90Y, Wilkinson hill"
Mr.,Farthing,John,,Cambridge,CB4 S6U,566 Hicks mews
Mr.,Chapman,John Henry,,Guildford,GU2 0EP,541 Elaine plaza
Miss,Becker,Marion Louise,,Bradford,BD9 L7J,371 Warren ports
Mr.,Alexander,William,,Birmingham,B36 TT3,732 Parker point
Miss,Peters,Katie,,London,W06 HHI,18 Stephen streets
Mr.,Ekstrom,Johan,,Taunton,TA8 3KM,"Studio 4, Paula corner"
Master,Navratil,Michel M,,Luton,LU2 TZR,6 Vanessa burg
Mrs.,Ball,Ada E,Hall,Redhill,RH0 LV9,841 Robert throughway
Mr.,Goldenberg,Samuel L,,,,
Mr.,Bjornstrom-Steffansson,Mauritz Hakan,,Plymouth,PL6 UO3,44 Bell park
Miss,O'Leary,"Hanora ""Norah""",,London,E90 X5U,"Flat 8, Pauline rapid"
Mr.,Smiljanic,Mile,,Leeds,LS5 8QT,"Studio 22, Hardy manors"
Master,Palsson,Gosta Leonard,,London,W55 LK3,"Studio 11B, Paula lane"
Mr.,Smith,Thomas,,Wakefield,WF1 ZG4,70 Ellis river
Miss,Shutes,Elizabeth W,,Peterborough,PE1 KIV,"Studio 7, Lucy trail"
Miss,O'Sullivan,Bridget Mary,,Aberdeen,AB7 7F7,26 Michelle trail
Mr.,Bostandyeff,Guentcho,,Sutton,SM0 0UU,1 Daniel spring
Mr.,Hood,Ambrose Jr,,Wigan,WN8 TKQ,330 Michelle passage
Mr.,Drazenoic,Jozef,,,,
Mr.,Nasser,Nicholas,,,,
Mr.,Dantcheff,Ristiu,,Kilmarnock,KA3 BHS,"Flat 59, Samantha mission"
Miss,Ryerson,Emily Borie,,,,
Mr.,Andreasson,Paul Edvin,,Medway,ME3 MNW,401 Ferguson skyway
Mrs.,Quick,Jane,Richards,Halifax,HX8 QJT,"Flat 75J, Shaw courts"
Mrs.,Rice,Margaret,Norton,London,NW4 D59,9 Luke islands
Mr.,van Melkebeke,Philemon,,Canterbury,CT6 F7P,"Flat 29B, Russell summit"
Master,Moubarek,Gerios,,,,
Miss,Sandstrom,Marguerite Rut,,Southall,UB6 3DG,"Flat 28v, Harriet expressway"
Mrs.,Frauenthal,Clara,Heinsheimer,Wakefield,WF0 NTV,"Flat 47h, Shirley locks"
Mr.,Tobin,Roger,,Edinburgh,EH1 Y6V,8 Curtis plains
Mr.,Adahl,Mauritz Nils Martin,,Stockport,SK3 4C1,7 Williams pike
Mr.,Bracken,James H,,Kingston upon Thames,KT6 OMH,7 Nicola garden
Miss,Madigan,"Margaret ""Maggie""",,Cambridge,CB4 EWM,9 Hayley hill
Mr.,Vanden Steen,Leo Peter,,Newcastle upon Tyne,NE7 EAV,363 Joseph manors
Miss,Petranec,Matilda,,Aberdeen,AB7 1VS,53 Watson via
Mr.,Saad,Khalil,,,,
Mr.,Cavendish,Tyrell William,,Harrow,HA1 LV2,"Studio 0, Brady shore"
Mr.,McCoy,Bernard,,Hebrides,HS1 BBA,1 Christine pass
Mr.,Hickman,Lewis,,Stevenage,SG7 QO6,"Flat 9, Todd plains"
Mr.,Dennis,Samuel,,Liverpool,L24 DS8,"Studio 39, Dorothy falls"
Master,Dean,Bertram Vere,,Bath,BA8 LEB,2 Wright harbors
Mr.,Davies,Alfred J,,Taunton,TA8 PWK,6 Fox via
Mr.,Augustsson,Albert,,Dudley,DY4 ZY4,"Studio 6, Fuller mall"
Miss,Peter,Anna,,,,
Mr.,Slemen,Richard James,,Cambridge,CB3 6NG,1 Jones ways
Mr.,Albimona,Nassef Cassem,,,,
Mr.,Coelho,Domingos Fernandeo,,Peterborough,PE8 03I,2 Riley run
Mrs.,Goldsmith,Emily Alice,Brown,Bristol,BS3 EJA,"Flat 22, Nelson lake"
Mr.,O'Brien,Thomas,,London,SW0 V5L,"Studio 4, Jones rest"
Mr.,Marvin,Daniel Warner,,Tunbridge Wells,TN8 BYQ,9 Cook harbor
Mr.,Ford,William Neal,,Perth,PH2 3H0,0 Cook ford
Mr.,Sutton,Frederick,,Stockport,SK6 YAY,"Flat 60L, Roberts divide"
Mr.,Lang,Fang,,Dundee,DD9 8WG,02 Anderson inlet
Mr.,Richard,Emile,,,,
Mr.,Gaskell,Alfred,,Taunton,TA9 U5A,464 Hale crossroad
Mrs.,Meek,Annie Louise,Rowley,Kirkwall,KW8 9Y8,"Flat 8, Darren streets"
Mr.,Barton,David John,,Torquay,TQ9 YVR,"Flat 80m, Macdonald roads"
Mr.,Ryan,Patrick,,Watford,WD6 M4W,"Studio 69n, Howard burgs"
Mrs.,Potter,Lily Alexenia,Wilson,,,
Mr.,Taussig,Emil,,Brighton,BN5 B2X,5 Donna place
Rev.,Montvila,Juozas,,Croydon,CR1 NLI,041 Jackson passage
Mrs.,Hart,Esther Ada,Bloomfield,Huddersfield,HD6 YV6,"Studio 03, Victor port"
Mr.,Moss,Albert Johan,,Luton,LU0 JED,"Studio 10u, Rowley viaduct"
Mr.,Markun,Johann,,Teesside,TS7 T19,"Studio 6, Scott island"
Miss,Maioni,Roberta,,Nottingham,NG9 1EB,214 Hughes ferry
Mr.,Andersson,August Edvard ,,Watford,WD1 60R,"Studio 43, Cunningham orchard"
Mr.,Porter,Walter Chamberlain,,Teesside,TS2 UVX,"Flat 86r, Nicole field"
Miss,Turja,Anna Sofia,,Chester,CH9 SEW,"Flat 29, Owen mountain"
Mr.,Long,Milton Clyde,,Salisbury,SP6 67M,"Studio 28, Gregory islands"
Mr.,Hampe,Leon,,Medway,ME5 NDF,09 Matthews walk
Mrs.,Harper,Myna,Haxtun,,,
Miss,Kelly,Mary,,Aberdeen,AB8 Q9P,"Flat 61e, Graham key"
Master,Richards,William Rowe,,Romford,RM8 LVY,49 Adam ports
Dr.,Minahan,William Edward,,Swindon,SN3 2CT,"Studio 5, Edwards manors"
Miss,Lindblom,Augusta Charlotta,,Dudley,DY8 DAG,487 Robin station
Mr.,Cohen,"Gurshon ""Gus""",,Dundee,DD1 QTH,"Flat 97, Bryan islands"
Mr.,Sunderland,Victor Francis,,Coventry,CV3 BYI,833 Iain cove
Mr.,Plotcharsky,Vasil,,Birmingham,B08 HIV,"Studio 2, Hall trace"
Mr.,Hagland,Ingvald Olai Olsen,,Bath,BA0 UME,5 Wright rest
Mr.,Kraeff,Theodor,,,,
Mr.,Rommetvedt,Knud Paust,,Durham,DH0 I1O,76 Lucy parks
Miss,Attalah,Malake,,,,
Mr.,Silverthorne,Spencer Victor,,Dudley,DY6 EBK,"Studio 6, Jamie divide"
Mr.,Lindell,Edvard Bengtsson,,Watford,WD3 W55,"Flat 00K, Barnes mountains"
Mr.,Hawksford,Walter James,,Sutton,SM7 7F8,55 Brown port
Mr.,Keane,"Andrew ""Andy""",,Lancaster,LA8 Y0J,3 Holmes track
Mrs.,Renouf,Lillian,Jefferys,Motherwell,ML0 XP8,107 Thomas isle
Miss,Bissette,Amelia,,Bromley,BR3 QTE,378 Little greens
Mr.,Kelly,James,,London,WC2 17G,3 Brett extensions
Mr.,Collyer,Harvey,,Croydon,CR0 D7C,"Flat 1, Annette branch"
Mr.,Romaine,Charles Hallace ,,Warrington,WA6 S2G,4 Dunn hill
Mr.,Maenpaa,Matti Alexanteri,,Wakefield,WF9 SW2,"Flat 4, Connolly run"
Mrs.,Trout,Jessie,L,Oldham,OL5 157,"Studio 39, Reece harbors"
Mr.,Foo,Choong,,Bristol,BS8 Q8V,"Studio 66, Johnson lane"
Mr.,Nakid,Sahid,,,,
Miss,Haas,Aloisia,,Preston,PR7 2I6,989 Shirley harbors
Miss,Andersson,Sigrid Elisabeth,,Luton,LU5 DE3,"Studio 32, Paige mission"
Mrs.,Mellinger,Elizabeth Anne,Maidment,Hebrides,HS2 0IK,"Studio 95, Gareth stream"
Mr.,Petroff,Pastcho ,,Leicester,LE5 CW6,"Flat 40U, Angela fork"
Mr.,Jalsevac,Ivan,,,,
Miss,Lefebre,Mathilde,,Belfast,BT6 PRO,"Flat 59u, Faulkner mountains"
Mr.,Williams-Lambert,Fletcher Fellows,,Dorchester,DT4 4RF,931 Martin spur
Mr.,Andrews,Thomas Jr,,Warrington,WA8 PH9,"Flat 03, Carly plaza"
Miss,Francatelli,Laura Mabel,,,,
Miss,Bidois,Rosalie,,,,
Master,Dodge,Washington,,Edinburgh,EH0 DXW,992 Smith ramp
Mrs.,Penasco y Castellana,Maria Josefa Perez de Soto y,Vallejo,,,
Mrs.,Appleton,Charlotte,Lamson,Tunbridge Wells,TN9 1II,978 Gallagher passage
Mrs.,Abelson,Hannah,Wizosky,,,
Mr.,Troupiansky,Moses Aaron,,Stevenage,SG2 87F,"Studio 12o, Graeme ports"
Mr.,Jenkin,Stephen Curnow,,Lancaster,LA8 DQO,3 Reid turnpike
Miss,Bazzani,Albina,,,,
Mrs.,Meyer,Leila,Saks,,,
Mrs.,Jerwan,Marie Marthe,Thuillard,,,
Mr.,Barkworth,Algernon Henry Wilson,,York,YO0 5GQ,1 Arnold highway
Mr.,Karlsson,Nils August,,Swansea,SA5 7ZO,"Studio 99, Evans trail"
Miss,Hirvonen,Hildur E,,Ipswich,IP2 QRG,483 Trevor tunnel
Mr.,Baumann,John D,,London,NW4 94E,9 Price forest
Miss,Connolly,Kate,,Motherwell,ML2 EI2,"Studio 83, Shane plains"
Miss,Barber,"Ellen ""Nellie""",,Belfast,BT0 LA0,802 Annette causeway
Mr.,Moen,Sigurd Hansen,,Newcastle upon Tyne,NE9 23J,"Studio 81, John row"
Mr.,Jansson,Carl Olof,,Bristol,BS5 JJY,043 Philip tunnel
Mrs.,Hewlett,Mary D,Kingcome,Perth,PH8 W5O,651 Blake greens
Mr.,Olsson,Nils Johan Goransson,,Aberdeen,AB0 70F,"Flat 87R, Charlotte inlet"
Mr.,Saundercock,William Henry,,Southall,UB6 H9H,138 Andrew fields
Miss,Cleaver,Alice,,London,NW7 LVD,"Flat 0, Harriet vista"
Mr.,Knight,Robert J,,Southend-on-Sea,SS0 DAN,"Flat 8, Jade tunnel"
Mrs.,Aks,Leah,Rosen,Warrington,WA3 MPJ,8 Berry brooks
Mr.,Johnson,Malkolm Joackim,,Bromley,BR8 BZO,3 Paul mills
Mrs.,Yasbeck,Selini,Alexander,,,
Miss,Healy,"Hanora ""Nora""",,Bolton,BL4 6QI,"Flat 4, Brown glen"
Mr.,Olsvigen,Thor Anderson,,Aberdeen,AB1 EE0,6 Middleton mill
Mr.,Klasen,Klas Albin,,Salisbury,SP9 7UH,"Flat 0, Shirley trail"
Miss,Nakid,Maria ,,,,
Mrs.,Kelly,"Florence ""Fannie""",,Chester,CH1 SDI,"Flat 38, Wright isle"
Mr.,Petterson,Johan Emil,,London,E47 8DS,"Flat 1, Max coves"
Miss,Webber,Susan,,Derby,DE1 K6K,"Flat 0, Reid mountain"
Mr.,Davies,Charles Henry,,Durham,DH8 GPB,8 Eric parkway
Miss,Dowdell,Elizabeth,,Edinburgh,EH2 230,"Flat 64, Dunn orchard"
Miss,Zabour,Hileni,,,,
Master,Lefebre,Henry Forbes,,Enfield,EN1 8E0,50 Stevens summit
Miss,West,Constance Mirium,,Doncaster,DN4 MA9,4 Patel vista
Mr.,Jensen,Niels Peder,,Teesside,TS5 JPZ,73 Bishop pike
Mr.,Gilinski,Eliezer,,Medway,ME7 HOS,768 Reid spring
Mrs.,Baclini,Latifa,Qurban,,,
,,,,Watford,WD9 3SE,1 Middleton wall
Master,Rice,Arthur,,Halifax,HX2 9PX,1 Allan drive
the,Rothes,Lucy Noel Martha,Dyer-Edwards,Kirkwall,KW6 EOM,"Studio 7, Taylor brooks"
Mrs.,Hays,Clara Jennings,Gregg,Kirkwall,KW1 2CP,"Studio 37, Gill stravenue"
Rev.,Bateman,Robert James,,Hemel Hempstead,HP5 J34,371 Potter creek
Miss,Jussila,Katriina,,Newcastle upon Tyne,NE1 FWK,"Flat 38S, Johnston street"
Mrs.,Swift,Margaret Welles,Barron,Halifax,HX9 8O4,"Studio 20, Dale park"
Mrs.,Beane,Ethel,Clarke,Kirkwall,KW8 9NG,"Studio 14, Watson burgs"
Miss,Hays,Margaret Bechstein,,,,
Master,Moor,Meier,,Gloucester,GL5 MX7,"Flat 60, Lawrence via"
Miss,Vander Planke,Augusta Maria,,Chester,CH8 8O7,"Studio 08, Dylan inlet"
Mr.,Partner,Austen,,Liverpool,L04 P01,0 Ross roads
Mr.,Backstrom,Karl Alfred,,Luton,LU1 6I1,6 Michelle expressway
Mr.,Rekic,Tido,,Huddersfield,HD5 520,"Flat 00, Chambers rest"
Mr.,Harrington,Charles H,,Enfield,EN7 L0K,"Flat 8, Abigail flats"
Miss,Boulos,Nourelain,,,,
Master,Goldsmith,"Frank John William ""Frankie""",,Norwich,NR9 VN1,233 Fiona isle
Mrs.,Futrelle,Lily May,Peel,Southend-on-Sea,SS0 2OX,"Studio 74, Bull trafficway"
Mr.,Silvey,William Baird,,Cardiff,CF9 Y52,"Studio 18, Taylor well"
Mrs.,Hamalainen,William ,Anna,Exeter,EX3 N7S,"Flat 4, Martin greens"
Mrs.,Palsson,Alma Cornelia,Berglund,Romford,RM6 BKB,61 Ronald corners
Mr.,Duane,Frank,,Shrewsbury,SY3 8LB,"Flat 74, Caroline viaduct"
Mr.,Farrell,James,,St Albans,AL9 Q0N,"Studio 1, Gregory squares"
Mr.,Hassab,Hammad,,,,
Mr.,Andrew,Edgardo Samuel,,Chester,CH0 6CD,942 Marion ford
Master,Coutts,"William Loch ""William""",,St Albans,AL1 VSH,"Studio 0, Wendy branch"
Master,Mallet,Andre,,,,
Miss,Ward,Anna,,,,
Mr.,Doharr,Tannous,,,,
Mr.,Elias,Joseph Jr,,,,
Dr.,Frauenthal,Henry William,,Salisbury,SP5 65R,78 Tony branch
Mr.,Pasic,Jakob,,Stockport,SK1 HFQ,02 Shirley motorway
Mrs.,Dick,Vera,Gillespie,Leicester,LE2 AKH,"Flat 88, Goddard passage"
Mr.,McCarthy,Timothy J,,Wakefield,WF0 GXT,"Studio 7, Mark dale"
Miss,Compton,Sara Rebecca,,,,
Mr.,Allum,Owen George,,Gloucester,GL4 145,"Studio 42A, Read extension"
Master,Moubarek,Halim Gonios ,,,,
Dr.,Brewe,Arthur Jackson,,,,
Mr.,Patchett,George,,Peterborough,PE0 YXB,6 Burgess view
Miss,Murphy,Margaret Jane,,Medway,ME9 6IG,"Flat 10, Williams flats"
Miss,Cherry,Gladys,,Nottingham,NG4 A4F,2 Noble alley
Mrs.,Arnold-Franchi,Josefine,Franchi,Hebrides,HS9 DIV,0 Laura canyon
Mr.,Gill,John William,,Dundee,DD2 Y82,"Studio 42B, Reynolds stravenue"
Mr.,Karaic,Milan,,Belfast,BT8 R6Q,521 Jonathan land
Mr.,Matthews,William John,,Kilmarnock,KA5 X1D,447 Jade ridge
Mr.,Moran,Daniel J,,Enfield,EN7 E2N,208 Abigail lights
Mr.,Ponesell,Martin,,Southall,UB1 UNP,3 Victoria square
Mrs.,Asplund,Selma Augusta Emilia,Johansson,Lancaster,LA3 VM9,"Flat 02, Mohamed bypass"
Mrs.,Holverson,Mary Aline,Towner,Reading,RG8 HWS,"Studio 09I, Smith port"
Mrs.,Spencer,Marie,Eugenie,,,
Mr.,Novel,Mansouer,,,,
Mr.,Gallagher,Martin,,Galashiels,TD6 7XG,"Flat 4, Sims heights"
Mr.,Dick,Albert Adrian,,Lerwick,ZE4 TYE,"Flat 34q, Ahmed river"
Mr.,Morley,William,,Bromley,BR0 PMA,"Flat 51, Hughes bypass"
Mr.,Bailey,Percy Andrew,,Bromley,BR1 TEY,"Studio 55, Howard ville"
Mrs.,Goldenberg,Edwiga,Grabowska,,,
Mr.,Ostby,Engelhart Cornelius,,,,
Mr.,Smart,John Montgomery,,Harrogate,HG6 DSD,8 Thomas roads
Mr.,Larsson,Bengt Edvin,,Manchester,M22 SVN,"Studio 8, Alexander hill"
Mr.,Guggenheim,Benjamin,,,,
Miss,Lefebre,Ida,,Bournemouth,BH5 DYA,"Flat 6, Colin rapids"
Miss,Hegarty,"Hanora ""Nora""",,Bolton,BL2 J53,"Flat 4, Joe island"
Mrs.,Backstrom,Maria Mathilda,Gustafsson,Chelmsford,CM0 RAH,329 Marcus gateway
Mr.,Hansen,Henrik Juul,,Glasgow,G44 BJ9,"Studio 19E, James squares"
Miss,Keane,Nora A,,York,YO0 W9U,023 Barlow forges
Mr.,Burke,Jeremiah,,Milton Keynes,MK3 7MY,"Studio 28, Holden avenue"
Miss,Fortune,Alice Elizabeth,,Salisbury,SP4 9BN,108 Tony common
Master,Navratil,Edmond Roger,,Enfield,EN5 BC5,417 Cook fords
Mr.,Crease,Ernest James,,Telford,TF3 ZIX,"Flat 93N, Bryan field"
Mrs.,Silvey,Alice,Munger,York,YO6 67A,180 Julia motorway
Mr.,Artagaveytia,Ramon,,,,
Mr.,Jardin,Jose Neto,,Swindon,SN3 6DG,61 Green harbors
Mrs.,Mack,Mary,Mary,Darlington,DL9 KJ8,200 Bennett lodge
Master,Skoog,Karl Thorsten,,Bromley,BR2 5CN,"Flat 78C, Marc squares"
Mr.,Nicholson,Arthur Ernest,,Croydon,CR8 COQ,"Flat 7, Cross lake"
Mr.,Niskanen,Juha,,Falkirk,FK2 UTK,"Flat 61, Fisher overpass"
Mr.,Hosono,Masabumi,,Bath,BA7 JF6,"Studio 44H, Dawson views"
Mr.,Hendekovic,Ignjac,,Darlington,DL2 NR1,"Studio 23, Ryan mission"
Mr.,de Mulder,Theodore,,Colchester,CO5 PEK,"Flat 0, Kim junction"
Mr.,Kiernan,Philip,,Southall,UB8 JDU,304 Gavin unions
Mrs.,Carter,Lilian,Hughes,Wolverhampton,WV2 CML,71 Jake shoals
Mr.,Perkin,John Henry,,Blackburn,BB9 8SS,"Studio 43, Read light"
Mrs.,Pears,Edith,Wearne,Coventry,CV8 2MO,5 Billy parks
Mr.,Daniel,Robert Williams,,Peterborough,PE3 VG4,613 Smith valley
Mr.,Beavan,William Thomas,,Kirkcaldy,KY0 F3Z,736 Ellie vista
Mr.,Coleff,Satio,,Llandrindod Wells,LD9 KQ1,51 Goddard mission
Mr.,Keefe,Arthur,,Newcastle upon Tyne,NE9 GLY,4 Yvonne throughway
Mr.,Calic,Petar,,St Albans,AL5 3V2,"Studio 62D, Terry motorway"
Miss,Ford,"Doolina Margaret ""Daisy""",,Motherwell,ML6 P2L,17 Collins garden
Miss,Dahlberg,Gerda Ulrika,,London,EC2 L2P,"Studio 28, Brown lodge"
Capt.,Crosby,Edward Gifford,,Newport,NP7 RSR,418 Cooper island
Mr.,Van der hoef,Wyckoff,,Lincoln,LN9 IL9,229 Clarke stravenue
Mr.,Harper,Henry Sleeper,,,,
Miss,Zabour,Thamine,,,,
Mr.,Reeves,David,,Manchester,M46 YNL,212 Janet glens
Mr.,Dahl,Karl Edwart,,Motherwell,ML7 5FL,"Flat 4, Leigh street"
Mrs.,Johnson,Elisabeth Vilhelmina,Berg,Birmingham,B99 GZC,"Flat 2, Collins ways"
Mr.,Sharp,Percival James R,,Perth,PH6 7PP,6 Lucy villages
Mrs.,Taylor,Juliet Cummins,Wright,Dudley,DY5 VNQ,654 Griffiths passage
Mr.,Jonkoff,Lalio,,Newport,NP2 318,"Studio 11C, Saunders forge"
Mr.,Ibrahim Shawah,Yousseff,,,,
Mme.,Aubart,Leontine Pauline,,,,
Mr.,Hagland,Konrad Mathias Reiersen,,Harrow,HA5 NRD,"Flat 74I, Taylor burgs"
Mr.,Barah,Hanna Assi,,,,
Mr.,Laroche,Joseph Philippe Lemercier,,,,
Miss,Allison,Helen Loraine,,Edinburgh,EH5 O7Z,"Studio 75, Geraldine meadows"
Mr.,Mitkoff,Mito,,Bradford,BD8 BRF,6 Kayleigh square
Miss,Lindahl,Agda Thorilda Viktoria,,Blackburn,BB5 2JD,38 Andrews glens
Mr.,Johanson,Jakob Alfred,,Southend-on-Sea,SS0 MQP,719 Myers circle
Mr.,Toufik,Nakli,,,,
Mr.,Hart,Benjamin,,Swansea,SA2 JYF,"Studio 3, Kirsty harbors"
Mr.,Clifford,George Quincy,,Wakefield,WF5 Q8G,461 Robert underpass
Miss,Quick,Phyllis May,,Crewe,CW8 4H1,0 Elliott trail
Mr.,Laleff,Kristo,,Worcester,WR6 Y7X,14 White inlet
Mr.,Elsbury,William James,,Cardiff,CF2 AHW,"Flat 3, Lynne avenue"
Mr.,Asim,Adola,,Redhill,RH9 HGI,50 Carl circles
Master,Skoog,Harald,,Lancaster,LA1 G0I,671 Cooper port
Miss,O'Driscoll,Bridget,,Southampton,SO4 U2J,628 Holly pine
Mr.,Reed,James George,,Paisley,PA0 AEW,"Studio 71V, Jill plains"
Miss,Sjoblom,Anna Sofia,,Kirkcaldy,KY2 GS0,714 Brown park
Mr.,Newell,Arthur Webster,,,,
Mr.,Gustafsson,Anders Vilhelm,,Northampton,NN6 MMU,"Flat 70, Baker island"
Mrs.,Moussa,Mantoura,Boulos,,,
Mr.,Pernot,Rene,,,,
Mr.,Lennon,Denis,,Salisbury,SP9 A5I,"Studio 99, Ryan canyon"
Mr.,Johannesen-Bratthammer,Bernt,,Wigan,WN5 R2R,4 Morgan pine
Mrs.,Vander Planke,Emelia Maria,Vandemoortele,London,N16 69J,"Flat 26w, Thomas bridge"
Miss,Burns,Elizabeth Margaret,,,,
Miss,Andersson,Ingeborg Constanzia,,Dumfries,DG2 D3E,804 Linda valleys
Mr.,Calic,Jovo,,Wakefield,WF5 PSP,4 White viaduct
Mr.,Stranden,Juho,,Swindon,SN2 T4N,96 Green divide
Mrs.,Goodwin,Augusta,Tyler,Dorchester,DT1 X26,92 Stacey forge
Mr.,Sedgwick,Charles Frederick Waddington,,Wakefield,WF3 JS4,"Flat 2, Sean street"
Mr.,Simmons,John,,Sutton,SM7 H6O,"Flat 19, Tony locks"
Miss,Canavan,Mary,,Teesside,TS7 8MG,4 James mount
Mr.,Hodges,Henry Price,,Paisley,PA3 L6P,54 Black spur
Mr.,Anderson,Harry,,Stoke-on-Trent,ST9 4CO,8 Cooper light
Mr.,Staneff,Ivan,,Wolverhampton,WV9 JD4,836 Patel green
Master,Hamalainen,Viljo,,Croydon,CR6 9L4,007 Jennifer trail
Mr.,Danbom,Ernst Gilbert,,Medway,ME4 EQK,"Studio 2, Simon pike"
Mr.,Lesurer,Gustave J,,,,
Mr.,Johansson,Gustaf Joel,,Slough,SL9 GUM,671 Hazel rapids
Mr.,Chip,Chang,,Llandrindod Wells,LD6 4IQ,8 Barnett rue
Mr.,Daly,Peter Denis ,,Perth,PH3 SEX,"Flat 6, Gardiner ports"
Miss,Strandberg,Ida Sofia,,Newport,NP4 KPK,970 Horton run
Mrs.,Peter,Catherine,Rizk,,,
Mr.,Eklund,Hans Linus,,Canterbury,CT3 HK7,64 Gardiner crossing
Col.,Simonius-Blumer,Oberst Alfons,,,,
Mr.,Stewart,Albert A,,,,
Mr.,Parkes,"Francis ""Frank""",,Newport,NP2 LK7,"Flat 5, Sylvia rue"
Mr.,Sutehall,Henry Jr,,Kilmarnock,KA1 NO8,"Studio 55b, Smith village"
Mr.,Widegren,Carl/Charles Peter,,Crewe,CW6 ZCF,"Flat 3, Wright forest"
Mr.,O'Connell,Patrick D,,Durham,DH4 610,134 Haynes gardens
Mr.,del Carlo,Sebastiano,,,,
Mr.,Lulic,Nikola,,Medway,ME9 8EO,212 Janice square
Mr.,Bowen,"David John ""Dai""",,Nottingham,NG9 ZMO,0 Wilkinson inlet
Miss,Hippach,Jean Gertrude,,,,
Mr.,Olsen,Henry Margido,,London,EC8 FPG,73 Billy ramp
Miss,Palsson,Torborg Danira,,Darlington,DL7 HDD,"Studio 54, Dobson causeway"
Mr.,Gillespie,William Henry,,Warrington,WA8 S0A,"Studio 43h, Baxter crossroad"
Mr.,Mudd,Thomas Charles,,Salisbury,SP1 UVG,"Flat 00, Lydia unions"
Mr.,Flynn,James,,Bromley,BR1 3BP,715 Lynda glen
Miss,Harknett,Alice Phoebe,,Southall,UB3 JON,3 Stewart stravenue
Mr.,Mionoff,Stoytcho,,Motherwell,ML7 ZYG,5 Dennis hills
Mr.,Cairns,Alexander,,Wigan,WN4 F0N,21 Annette drive
Mr.,Shellard,Frederick William,,Truro,TR2 INF,038 Taylor expressway
Mr.,Penasco y Castellana,Victor de Satode,,,,
Miss,Lines,Mary Conover,,Sutton,SM2 DGG,4 Stanley courts
Mr.,Vande Walle,Nestor Cyriel,,Oxford,OX6 RFJ,"Studio 1, Ellie harbors"
Mr.,Foreman,Benjamin Laventall,,,,
Master,Panula,Juha Niilo,,Bath,BA1 EGC,"Flat 45, Wilson meadow"
Miss,Baclini,Eugenie,,,,
Mrs.,Baxter,Helene DeLaudeniere,Chaput,,,
Mrs.,Kenyon,Frederick R ,Marion,Dorchester,DT1 Y78,9 Graham brook
Mr.,Hoyt,Frederick Maxfield,,Darlington,DL9 FCV,"Flat 4, Elliot glens"
Mr.,Taylor,Elmer Zebley,,Telford,TF7 Z26,9 Williams hill
Mr.,Pickard,Berk ,,Dudley,DY1 EF1,614 Harvey forge
Mr.,Kassem,Fared,,,,
Miss,Strom,Telma Matilda,,Doncaster,DN5 OOJ,4 Glen lodge
Miss,Newsom,Helen Monypeny,,London,NW3 NXM,1 Richardson forges
Mr.,Sivic,Husein,,Belfast,BT3 TNA,3 Brown valley
Master,Coutts,"Eden Leslie ""Neville""",,Edinburgh,EH0 1OB,"Flat 46m, Bowen inlet"
Mr.,Saalfeld,Adolphe,,Leicester,LE6 KSS,"Flat 91d, Lynn village"
Dr.,Stahelin-Maeglin,Max,,,,
Mr.,Baxter,Quigg Edmond,,,,
Mrs.,Bishop,Helen,Walton,,,
Miss,Henry,Delia,,Huddersfield,HD1 B4T,"Studio 5, Powell tunnel"
Miss,Bonnell,Elizabeth,,Southend-on-Sea,SS5 M65,588 Glenn parkway
Miss,Perreault,Anne,,Enfield,EN1 GUP,"Studio 49C, Deborah courts"
Mr.,Zimmerman,Leo,,Norwich,NR5 7JB,9 Bennett lights
Master,Thomas,Assad Alexander,,,,
Miss,Cameron,Clear Annie,,Exeter,EX0 TTB,718 Sandra overpass
Mr.,Attalah,Sleiman,,,,
Mrs.,Chibnall,Edith Martha,Bowerman,Carlisle,CA7 GNL,4 Eric mission
Mrs.,Taussig,Tillie,Mandelbaum,Enfield,EN5 DWW,121 Sandra roads
Mr.,Klaber,Herman,,Glasgow,G54 HPL,"Studio 12, Chandler trail"
Mr.,Mernagh,Robert,,London,E39 LIM,53 Danielle green
Mr.,Ivanoff,Kanio,,Hull,HU1 I06,34 Davis centers
Dr.,Leader,Alice ,Farnham,Chelmsford,CM3 1RW,9 Anne falls
Mr.,Harmer,Abraham ,,Huddersfield,HD8 K10,398 Ian unions
Mr.,Leeni,Fahim ,,,,
Master,Rice,Eugene,,Kilmarnock,KA0 YF7,"Flat 79K, Smith spurs"
Mr.,Theobald,Thomas Leonard,,Truro,TR4 BZE,"Studio 2, Margaret parkway"
Miss,Mockler,"Helen Mary ""Ellie""",,Sutton,SM2 9HU,"Flat 11F, Carr route"
Mr.,Mamee,Hanna,,,,
Miss,Wells,Joan,,London,W29 O6T,"Flat 47, Rhys junction"
Mr.,Radeff,Alexander,,Sunderland,SR8 02R,022 Reeves via
Miss,McGowan,"Anna ""Annie""",,Ipswich,IP7 8Q4,6 Bennett hollow
Mr.,Fahlstrom,Arne Jonas,,London,EC7 88N,"Studio 79t, Edwards spur"
Mr.,Kvillner,Johan Henrik Johannesson,,Aberdeen,AB9 IU2,"Studio 7, Nicholson harbors"
Mrs.,Turpin,Dorothy Ann,Wonnacott,Ipswich,IP2 12T,403 Dean walk
Mr.,Colley,Edward Pomeroy,,Swansea,SA0 RZH,93 Raymond well
Mrs.,Osman,Mara,,Swansea,SA2 O3U,3 Francis corners
Mr.,Lindqvist,Eino William,,Reading,RG0 CD9,49 Timothy fall
Mr.,Kimball,Edwin Nelson Jr,,Darlington,DL7 OHJ,4 Jennifer keys
Mr.,Giles,Frederick Edward,,Hemel Hempstead,HP1 ETW,69 Lynne coves
Mrs.,Rosblom,Helena,Wilhelmina,Durham,DH5 9ZR,907 Hartley ville
Mr.,Hansen,Henry Damsgaard,,London,SW7 DCH,604 Colin extensions
Master,Asplund,Edvin Rojj Felix,,Kirkwall,KW6 PUV,"Flat 9, O'Connor ranch"
Major.,Butt,Archibald Willingham,,Liverpool,L77 U2T,"Studio 69v, Griffiths mission"
Mrs.,Brown,Margaret,Tobin,,,
Miss,McGovern,Mary,,Sunderland,SR1 69J,33 Wood expressway
Mr.,Wright,George,,Hebrides,HS0 MDH,79 Declan islands
Mlle.,Mayne,"""Mrs de","Villiers""",,,
Mr.,Cook,Jacob,,Exeter,EX4 GIK,480 Aaron trail
Mr.,Yousif,Wazli,,,,
Mr.,Berriman,William John,,Llandrindod Wells,LD1 PZU,504 Smith squares
Mr.,Johnson,William Cahoone Jr,,Northampton,NN6 VDX,3 Scott prairie
Mr.,Ali,Ahmed,,Leicester,LE1 XVR,99 Richards motorway
Mr.,Abbing,Anthony,,Hull,HU6 9KS,53 Hall land
Mrs.,Jacobsohn,Amy Frances,Christy,Salisbury,SP0 MRL,"Studio 89T, Nicole hollow"
Mr.,Dean,Bertram Frank,,Guildford,GU8 9F9,"Flat 7, George harbor"
Mr.,Braund,Lewis Richard,,Doncaster,DN9 910,956 Marsh forest
Mr.,Van Impe,Jean Baptiste,,Gloucester,GL8 G1J,552 Ashleigh drive
Mr.,Badt,Mohamed,,,,
Master,Goodwin,Sidney Leonard,,Leicester,LE8 JZ0,"Flat 94, Grant ports"
Miss,Salkjelsvik,Anna Kristine,,Ipswich,IP5 O3P,"Flat 3, Samuel forges"
Mr.,Hale,Reginald,,Belfast,BT3 7SR,924 Green vista
Mr.,Graham,George Edward,,London,E26 37X,0 Katy cape
Mr.,Fortune,Charles Alexander,,London,SE4 MER,057 Shane freeway
Mr.,Goldschmidt,George B,,,,
Mr.,Harder,George Achilles,,,,
Mr.,Sawyer,Frederick Charles,,Southampton,SO4 QOK,2 Charlene isle
Miss,Newell,Madeleine,,,,
Mr.,Horgan,John,,London,W92 69X,28 Joanna tunnel
Mr.,Smith,Richard William,,Truro,TR5 WCR,83 Hugh park
Miss,Heininen,Wendla Maria,,Romford,RM9 Q7A,"Studio 78, Bird forest"
Mr.,Hakkarainen,Pekka Pietari,,Derby,DE2 2XC,"Studio 57Y, Jones burg"
Master,Rice,George Hugh,,Worcester,WR3 ZQO,"Studio 23J, Thompson path"
Mr.,Thayer,John Borland Jr,,,,
Mr.,Woolner,Hugh,,London,NW9 TA9,"Studio 66, Collins field"
Mr.,Sirayanian,Orsen,,,,
Miss,Mangan,Mary,,Bristol,BS1 12U,7 Kyle lodge
Mr.,Watson,Ennis Hastings,,Exeter,EX3 5AY,"Flat 86r, Anna shores"
Mrs.,Faunthorpe,Elizabeth Anne,Wilkinson,Lancaster,LA1 6MY,"Studio 05P, Max knolls"
Mr.,Nirva,Iisakki Antino Aijo,,Hebrides,HS7 KU9,68 Berry prairie
Mr.,Garfirth,John,,Warrington,WA0 VNZ,0 Elliott forges
Miss,Ford,"Robina Maggie ""Ruby""",,Newcastle upon Tyne,NE7 9TO,9 Ward cliffs
Mr.,de Pelsmaeker,Alfons,,Guildford,GU0 Y81,"Studio 80s, Stacey camp"
Mr.,Maisner,Simon,,Falkirk,FK6 XEJ,4 Mandy junction
Mr.,Collander,Erik Gustaf,,Stockport,SK3 MU3,34 Graham brooks
Mr.,Naidenoff,Penko,,Dudley,DY6 NUJ,56 Bryant drives
Mr.,Fynney,Joseph J,,Carlisle,CA8 JRW,"Flat 48, Timothy mills"
Mr.,Ali,William,,Carlisle,CA2 5NH,034 Samuel key
Mr.,Pears,Thomas Clinton,,Galashiels,TD7 XR0,826 Skinner island
Mr.,Gee,Arthur H,,London,N71 ED8,34 Elizabeth expressway
Mr.,Molson,Harry Markland,,Luton,LU1 2XG,449 Anthony ridge
Mr.,Elias,Dibo,,,,
Mr.,Sjostedt,Ernst Adolf,,Hebrides,HS7 3RJ,"Studio 71c, Stevenson valley"
Mrs.,West,Ada Mary,Worth,Coventry,CV4 7CJ,020 Jodie unions
Mr.,Moran,James,,Southall,UB8 8SZ,9 Teresa lakes
Mr.,Culumovic,Jeso,,York,YO1 7N2,"Studio 47R, Thomas overpass"
Mr.,McCormack,Thomas Joseph,,Aberdeen,AB0 Q4B,"Studio 16C, Lucas track"
Miss,Carter,Lucile Polk,,Swindon,SN5 SN2,7 Ashleigh wall
Mr.,Renouf,Peter Henry,,Telford,TF5 ABJ,782 Smith trail
Mrs.,Panula,Maria Emilia,Ojala,Swindon,SN2 UFS,"Flat 81, Bradley locks"
Mrs.,Lahtinen,Anna,Sylfven,Plymouth,PL0 Z34,"Flat 44, Dale villages"
Miss,O'Dwyer,"Ellen ""Nellie""",,Blackburn,BB4 YFR,113 Henry point
Miss,Doling,Elsie,,Shrewsbury,SY0 NJH,0 Arthur mountain
Miss,Andersson,Erna Alexandra,,Crewe,CW3 UDX,3 Denis forge
Mr.,Hoyt,William Fisher,,,,
Ms.,Reynaldo,Encarnacion,,Enfield,EN1 PKC,860 Hannah prairie
Mr.,Lobb,William Arthur,,Watford,WD9 06D,94 Jones turnpike
Mrs.,Carter,Lucile,Polk,Dumfries,DG8 M2D,"Flat 66Z, Bowen rue"
Mrs.,Thorneycroft,Florence Kate,White,Oxford,OX3 1W5,"Studio 84q, Scott mill"
Mr.,Jacobsohn,Sidney Samuel,,Taunton,TA1 8VI,291 Burgess grove
Mrs.,Skoog,Anna Bernhardina,Karlsson,Peterborough,PE6 JQT,"Studio 88T, Michelle terrace"
Dr.,Pain,Alfred,,Hemel Hempstead,HP9 VTG,"Flat 84, Allen manors"
Mr.,Mitchell,Henry Michael,,Bath,BA8 QII,"Studio 84, Jill coves"
Master,Caldwell,Alden Gates,,Perth,PH7 V7Q,224 Kaur centers
Master,Richards,George Sibley,,Lincoln,LN5 4N8,0 Bibi knoll
Mr.,Balkic,Cerin,,Torquay,TQ4 23Z,54 Rachael causeway
Mr.,Nenkoff,Christo,,Southampton,SO3 STE,"Studio 7, Jeffrey island"
Mr.,Lam,Ali,,Carlisle,CA5 A8N,"Studio 6, Guy mountain"
Mr.,Frolicher-Stehli,Maxmillian,,,,
Mr.,Giglio,Victor,,,,
Major.,Peuchen,Arthur Godfrey,,Sheffield,S02 YOX,888 Collier lock
Mr.,Lahoud,Sarkis,,,,
Mr.,Elias,Tannous,,,,
Mr.,Skoog,Wilhelm,,Enfield,EN1 4GF,078 Howard mountain
Miss,Barbara,Saiide,,,,
Miss,Allen,Elisabeth Walton,,Wakefield,WF1 F6R,8 Howarth springs
Mr.,Wiklund,Jakob Alfred,,London,NW7 UVF,20 Baldwin cape
Miss,Eustis,Elizabeth Mussey,,,,
Miss,Mannion,Margareth,,Belfast,BT7 8JZ,8 Maria forge
Miss,Kink-Heilmann,Luise Gretchen,,St Albans,AL1 Q6P,6 Webb trail
Mr.,Hart,Henry,,Bath,BA3 J5K,4 Watkins creek
Mr.,Cribb,John Hatfield,,London,E05 E5K,81 Elaine way
Mr.,Alhomaki,Ilmari Rudolf,,Sunderland,SR1 PS9,"Studio 12, Lynn skyway"
Mr.,Gavey,Lawrence,,Doncaster,DN2 XKI,"Studio 61i, Mitchell turnpike"
Mr.,Goldsmith,Frank John,,Torquay,TQ9 5S5,"Flat 6, Roberts ports"
Mr.,Windelov,Einar,,Belfast,BT5 CYN,0 Harris parks
Mr.,Olsen,Karl Siegwart Andreas,,Chelmsford,CM8 3UK,"Studio 69, Davies fields"
Mr.,Ling,Lee,,Falkirk,FK1 LQV,22 Jones valley
Mr.,West,Edwy Arthur,,Liverpool,L48 GJ4,30 Williams gardens
Mrs.,Hippach,Ida Sophia,Fischer,,,
Mrs.,Andersson,Alfrida Konstantia,Brogren,Cambridge,CB9 1Y2,"Studio 5, David light"
Miss,Troutt,"Edwina Celia ""Winnie""",,Bolton,BL0 AR1,"Studio 74, Leah dale"
Mr.,Parr,William Henry Marsh,,Watford,WD2 200,"Flat 1, Rees village"
Mr.,Marechal,Pierre,,,,
Mr.,Soholt,Peter Andreas Lauritz Andersen,,Lerwick,ZE5 AZU,"Flat 7, Murphy isle"
Mrs.,Touma,Hanne Youssef,Razi,,,
Mr.,Lundahl,Johan Svensson,,Stockport,SK8 XSU,3 Barton turnpike
Mrs.,Stone,Martha,Evelyn,,,
Mr.,Givard,Hans Kristensen,,Bromley,BR1 17N,"Flat 24, Cox fall"
Mrs.,Moor,Beila,Beila,Perth,PH5 Z5T,"Studio 0, Gerard burgs"
Mr.,Eitemiller,George Floyd,,Watford,WD2 QJC,"Studio 8, Holloway green"
Mr.,Fry,Richard,,Dorchester,DT6 SP4,"Studio 6, Robinson extension"
Mr.,Robbins,Victor,,,,
Mrs.,Pinsky,Rosa,Rosa,Kilmarnock,KA1 PHJ,"Flat 85, Atkinson islands"
Mr.,Dakic,Branko,,Bristol,BS3 TE4,298 Kate drive
Miss,Serepeca,Augusta,,,,
Mrs.,O'Brien,"Johanna ""Hannah""",Godfrey,Doncaster,DN0 R95,"Studio 32G, Dean rest"
Mr.,McMahon,Martin,,Chester,CH8 9XZ,8 Allen well
Mr.,Brocklebank,William Alfred,,Darlington,DL8 BMA,"Studio 2, White locks"
Miss,Minahan,Daisy E,,Harrow,HA4 XPN,6 Nelson station
Miss,Davis,Mary,,Darlington,DL9 073,6 Harrison walks
Mr.,Todoroff,Lalio,,Plymouth,PL2 4K1,"Flat 50Z, Lowe alley"
Mr.,Lovell,John Hall ,,Oxford,OX7 2QT,0 Banks park
Miss,Andersen-Jensen,Carla Christine Nielsine,,Wigan,WN0 TRG,64 Page stravenue
Mrs.,Hocking,Eliza,Needs,Southampton,SO4 GAS,20 Barry forges
Mrs.,Astor,Madeleine Talmadge,Force,,,
Mr.,Sivola,Antti Wilhelm,,Preston,PR4 8XI,"Flat 90g, Gemma hills"
Mrs.,Hakkarainen,Elin Matilda,Dolck,Motherwell,ML8 2UG,"Studio 63W, Marilyn road"
Mr.,Johansson,Erik,,Hull,HU7 1JY,"Studio 4, Evans pine"
Mr.,Panula,Ernesti Arvid,,Stockport,SK4 YHB,"Flat 34, Irene springs"
Mr.,Blank,Henry,,,,
Mr.,White,Percival Wayland,,Warrington,WA7 XCR,"Studio 6, Norris inlet"
Mr.,Berglund,Karl Ivar Sven,,Kilmarnock,KA1 RKQ,"Studio 62t, Newman light"
Mrs.,Hoyt,Jane Anne,Forby,Ipswich,IP9 55Q,13 Doyle isle
Mr.,Lester,James,,Brighton,BN2 DD7,60 Joel corner
Mr.,Rintamaki,Matti,,Bath,BA9 4M3,"Studio 9, Victoria mission"
Mr.,Adams,John,,Walsall,WS7 ZXL,"Studio 61, Guy avenue"
Master,Andersson,Sigvard Harald Elias,,Southend-on-Sea,SS6 OM1,5 Sharp lake
Mr.,Bengtsson,John Viktor,,Harrow,HA6 MUG,9 Briggs plaza
Miss,Graham,Margaret Edith,,Romford,RM7 Y5V,06 Catherine route
Mr.,Ross,John Hugo,,,,
Miss,Sage,"Dorothy Edith ""Dolly""",,Reading,RG5 FFB,4 Fletcher circles
Mr.,Meyer,August,,Swansea,SA4 PBS,323 Chelsea points
Miss,Crosby,Harriet R,,Southend-on-Sea,SS1 EF0,"Studio 10, Josh tunnel"
Miss,Landergren,Aurora Adelia,,Glasgow,G00 H47,924 Gavin rue
Mr.,Sloper,William Thompson,,Walsall,WS7 7UI,"Studio 36, Jean ways"
Mr.,Widener,Harry Elkins,,,,
Mr.,Chronopoulos,Apostolos,,,,
Mr.,Rood,Hugh Roscoe,,Luton,LU7 TFW,821 Gerald lake
Mr.,Danoff,Yoto,,Dudley,DY5 1HV,159 Grace lane
Mr.,Chambers,Norman Campbell,,Sutton,SM7 10W,6 Mason port
Mr.,Blackwell,Stephen Weart,,Dumfries,DG9 MVU,"Studio 92, Julia roads"
Mr.,Tomlin,Ernest Portage,,Harrow,HA2 BFR,83 Lee valley
Mr.,Harris,George,,Swindon,SN8 JGE,"Studio 7, Lynne cape"
Mr.,Gale,Shadrach,,Hemel Hempstead,HP9 WXO,755 Barry plaza
Mr.,Flynn,John Irwin ,,Hemel Hempstead,HP1 OX1,"Studio 85q, Kevin street"
Mr.,Murdlin,Joseph,,Harrogate,HG6 LD1,3 Kyle coves
Mr.,Chapman,Charles Henry,,Stevenage,SG7 7E9,"Flat 5, Christian court"
Mr.,Sage,Frederick,,Bradford,BD6 P88,"Flat 13X, Mandy flats"
Rev.,Kirkland,Charles Leonard,,Torquay,TQ6 KOE,"Flat 8, Elliott unions"
Mr.,Emir,Farred Chehab,,,,
Miss,Carr,"Helen ""Ellen""",,London,SW9 8P1,49 Barber summit
Mr.,Dimic,Jovan,,Dundee,DD0 NYA,23 Gilbert summit
Mr.,Paulner,Uscher,,,,
Mr.,Hassan,Houssein G N,,,,
Miss,Andrews,Kornelia Theodosia,,Telford,TF2 DZP,"Flat 28N, Clifford turnpike"
Miss,Bourke,Mary,,Liverpool,L03 NCY,00 Dean mountain
Mr.,Jonsson,Carl,,Preston,PR9 XJ7,"Flat 2, Kathryn radial"
Mr.,Natsch,Charles H,,,,
Miss,Duran y More,Asuncion,,,,
Miss,Mellinger,Madeleine Violet,,London,EC3 WZZ,"Studio 39, Hamilton circles"
Mrs.,Shelley,Imanita Parrish,Hall,Bromley,BR6 UYQ,77 Jackson fork
Mr.,Kink,Vincenz,,Oxford,OX0 A7S,4 Barbara track
Mrs.,Brown,Elizabeth Catherine,Ford,Hemel Hempstead,HP3 RZW,"Studio 2, Barnes isle"
Miss,Fortune,Mabel Helen,,Romford,RM7 04U,125 Conor garden
Miss,Palsson,Stina Viola,,Leicester,LE4 62U,"Studio 1, Beth forges"
Mrs.,Masselmani,Fatima,,,,
Mr.,Harris,Henry Birkhardt,,Swansea,SA8 JDN,"Flat 78, Graeme trail"
Miss,Phillips,Kate Florence ,,Dorchester,DT5 BNP,4 Natasha spring
Mr.,Daly,Eugene Patrick,,Hull,HU7 EHJ,"Flat 16b, Williams way"
Miss,Gilnagh,"Katherine ""Katie""",,Peterborough,PE4 P04,938 Adam prairie
Mr.,Wheadon,Edward H,,Kilmarnock,KA3 B5E,2 Mathew crossing
Mr.,Harrison,William,,Torquay,TQ4 GPV,"Flat 1, Olivia wall"
Mr.,Petroff,Nedelio,,Norwich,NR2 9BQ,"Flat 78, James valleys"
Miss,Ridsdale,Lucy,,Kirkwall,KW3 AGQ,"Studio 2, Natalie villages"
Mr.,Svensson,Olof,,Leeds,LS1 EA1,"Studio 32, Jones circle"
Mr.,Saad,Amin,,,,
Mr.,Moore,Leonard Charles,,London,W42 2TJ,"Studio 4, Wayne manor"
Mr.,Moutal,Rahamin Haim,,Kirkcaldy,KY0 YHT,579 Morgan alley
Mr.,Rush,Alfred George John,,Truro,TR5 R28,481 Talbot unions
Mrs.,Collyer,Charlotte Annie,Tate,Newcastle upon Tyne,NE0 8D5,"Flat 0, Khan forge"
Mrs.,Doling,Ada Julia,Bone,Harrow,HA9 Q7R,"Flat 31, Molly villages"
Mr.,Wiseman,Phillippe,,London,E04 PCK,"Studio 75v, Amelia land"
Mr.,White,Richard Frasar,,Halifax,HX9 XEC,8 Adrian drive
Mr.,Sage,George John Jr,,Northampton,NN0 8DQ,"Studio 17, Tina forge"
Mr.,Vander Cruyssen,Victor,,Bath,BA9 GO2,"Studio 08J, Julian shore"
Mr.,Morrow,Thomas Rowan,,Kilmarnock,KA6 990,"Studio 41, Haynes spring"
Mr.,Cor,Liudevit,,Wakefield,WF3 PLX,"Flat 7, Robertson falls"
Mr.,Bourke,John,,Derby,DE5 97H,"Studio 81R, Kimberley isle"
Mrs.,Spedden,Margaretta Corning,Stone,,,
Miss,Madill,Georgette Alexandra,,Dorchester,DT4 I5I,"Studio 67, Morgan fall"
Mr.,Beckwith,Richard Leonard,,Croydon,CR8 Y2Q,309 Karl causeway
Mr.,Carlsson,August Sigfrid,,Lincoln,LN0 INE,1 Morrison drive
Mrs.,Boulos,Joseph ,Sultana,,,
Mr.,Johansson,Karl Johan,,Oldham,OL4 J76,"Flat 8, Sharon summit"
Mrs.,Caldwell,Sylvia Mae,Harbaugh,Bradford,BD7 MBJ,"Studio 10, Doyle mountains"
Mr.,Lievens,Rene Aime,,Kingston upon Thames,KT8 CAE,1 Damien meadows
Miss,Laitinen,Kristina Sofia,,Kilmarnock,KA4 TIE,267 Carr village
Mr.,Dorking,Edward Arthur,,Truro,TR6 DUX,"Studio 71, O'Connor trail"
Mr.,Hunt,George Henry,,Shrewsbury,SY0 DF7,"Flat 37, Gill ford"
Mrs.,Drew,Lulu Thorne,Christian,Southampton,SO6 RNJ,"Flat 93c, Doyle street"
Mrs.,Wick,Mary,Hitchcock,Dundee,DD5 8K4,6 Mohammed branch
Mr.,Connaghton,Michael,,Llandrindod Wells,LD0 7L0,1 Moore view
Mr.,Hickman,Stanley George,,London,E11 HLO,"Flat 0, Gary roads"
Miss,Laroche,Simonne Marie Anne Andree,,,,
Mr.,Kent,Edward Austin,,,,
Mr.,Sadlier,Matthew,,Crewe,CW6 TVS,"Studio 32, Butler pass"
Miss,Ilmakangas,Pieta Sofia,,Edinburgh,EH3 RVO,157 Clare terrace
Mr.,Lewy,Ervin G,,,,
Miss,Stanley,Amy Zillah Elsie,,Oldham,OL5 L7H,"Studio 23, Jill causeway"
Master,Becker,Richard F,,Stockport,SK2 PMJ,"Flat 8, Woodward groves"
Mr.,Douglas,Walter Donald,,,,
Mr.,Jensen,Hans Peder,,Oldham,OL3 BXQ,"Flat 85s, Glenn curve"
Mrs.,Strom,Elna Matilda,Persson,Dorchester,DT0 IGJ,"Flat 83, June pine"
Mrs.,Stephenson,Martha,Eustis,,,
Miss,Brown,"Amelia ""Mildred""",,Enfield,EN4 1PI,"Flat 32, Richard river"
Mrs.,Ford,Margaret Ann,Watson,Chester,CH5 AVS,5 Pauline estates
Mrs.,Kantor,Miriam,Sternin,Twickenham,TW1 SLD,72 Brown station
Mr.,Dooley,Patrick,,Lerwick,ZE4 5AE,7 Lynda fort
Mr.,Roebling,Washington Augustus II,,Harrow,HA7 LC0,43 Abbie brooks
Mr.,Greenberg,Samuel,,Inverness,IV6 KX7,"Studio 35, Cameron center"
Mr.,Hickman,Leonard Mark,,Northampton,NN5 0GI,"Flat 62E, Katie light"
Mrs.,Herman,Jane,Laver,Llandrindod Wells,LD2 2PJ,353 Amber crossing
Mr.,Campbell,William,,Falkirk,FK3 C9I,"Flat 12P, Hughes streets"
Miss,Vestrom,Hulda Amanda Adolfina,,London,SW1 8W9,057 Andrews walks
Mr.,Youseff,Gerious,,,,
Mr.,Bryhl,Kurt Arnold Gottfrid,,Portsmouth,PO3 1NR,86 Mandy stravenue
Mr.,Torber,Ernst William,,Southall,UB8 P1O,05 Allen cape
Mr.,Carter,William Ernest,,Colchester,CO3 VKZ,"Flat 9, Karl viaduct"
Mrs.,Nasser,Adele,Achem,,,
Mr.,Levy,Rene Jacques,,,,
Mr.,Leyson,Robert William Norman,,Aberdeen,AB1 IPR,"Studio 3, Derek green"
Miss,Baclini,Helene Barbara,,,,
Mr.,Svensson,Johan,,Llandudno,LL2 N2Z,9 Riley knolls
Mr.,Abbott,Rossmore Edward,,Inverness,IV2 TDR,"Studio 46Q, Julia drives"
Miss,Baclini,Marie Catherine,,,,
Mr.,Vander Planke,Leo Edmondus,,Blackburn,BB3 NP5,783 Jessica knoll
Miss,Leitch,Jessie Wills,,Bristol,BS1 V5Q,874 Williamson parks
Miss,Rugg,Emily,,Taunton,TA1 VJ5,"Flat 3, Archer crest"
Jonkheer.,Reuchlin,John George,,Dumfries,DG8 S68,"Flat 98w, Sutton port"
Miss,LeRoy,Bertha,,,,
Miss,Andersson,Ebba Iris Alfrida,,Aberdeen,AB6 JTC,489 Harrison pines
Mrs.,Davison,Mary E,Finck,Gloucester,GL5 LZ1,29 Judith ports
Mr.,Johnson,Alfred,,Medway,ME5 WFF,"Flat 7, Martin mills"
Mr.,Sage,Douglas Bullen,,Shrewsbury,SY9 EAO,"Flat 1, Adrian ville"
Mr.,Samaan,Youssef,,,,
Miss,Slayter,Hilda Mary,,Plymouth,PL1 KGP,"Studio 10k, Brown junctions"
Mr.,Behr,Karl Howell,,,,
Mr.,Charters,David,,Glasgow,G44 OTR,"Flat 62D, Booth inlet"
Don.,Uruchurtu,Manuel E,,,,
Mr.,Stanley,Edward Roland,,Sutton,SM9 33I,4 Robson meadow
Mr.,Goncalves,Manuel Estanslas,,Northampton,NN4 A3P,"Flat 44, Thompson loaf"
Mr.,Fischer,Eberhard Thelander,,Warrington,WA9 N58,6 Kerry fork
Mrs.,Robins,Grace Charity,Laury,Huddersfield,HD8 7M2,"Studio 55L, Oliver mountain"
Mr.,Arnold-Franchi,Josef,,Reading,RG6 UID,"Flat 38g, Harris junction"
Mr.,Osen,Olaf Elon,,Kilmarnock,KA0 KX6,53 Smith land
Mr.,Bishop,Dickinson H,,,,
Mr.,Wilhelms,Charles,,Durham,DH4 ENC,46 Gregory circles
Mr.,Coleff,Peju,,Llandudno,LL4 YFL,"Flat 85M, Sharon turnpike"
Mr.,Tikkanen,Juho,,Manchester,M10 TR7,348 Leanne knoll
Miss,Olsson,Elina,,Slough,SL9 KJH,89 Natasha cape
Mr.,Larsson,August Viktor,,Taunton,TA2 N87,"Flat 1, Jill manors"
Mr.,Mellors,William John,,Portsmouth,PO7 OJM,5 Aaron ranch
Mr.,Yasbeck,Antoni,,,,
Miss,Fleming,Margaret,,,,
Mr.,Cunningham,Alfred Fleming,,Milton Keynes,MK1 2XI,609 Tom locks
Miss,Murphy,"Katherine ""Kate""",,Hebrides,HS4 68L,54 Judith burg
Mr.,Oreskovic,Luka,,Doncaster,DN3 RCR,872 Johnson unions
Miss,Cacic,Marija,,Canterbury,CT9 5QT,0 Sheila viaduct
Mr.,Williams,"Howard Hugh ""Harry""",,Stoke-on-Trent,ST0 KKL,87 Kevin flats
Mr.,Bing,Lee,,Salisbury,SP5 JY4,"Studio 02q, Clarke valleys"
Miss,Ryerson,"Susan Parker ""Suzette""",,,,
Mr.,Turpin,William John Robert,,Ilford,IG1 57C,220 Lorraine estate
Mr.,Pavlovic,Stefo,,Leicester,LE9 CAK,"Flat 34m, Graeme rue"
Mrs.,Laroche,Juliette Marie Louise,Lafargue,,,
Mr.,Ringhini,Sante,,,,
Mrs.,de Messemaeker,Guillaume Joseph ,Emma,Southall,UB5 D90,14 Shaw spurs
Mr.,Olsen,Ole Martin,,Paisley,PA1 YW6,327 Wright orchard
Dr.,Moraweck,Ernest,,Sutton,SM4 MVA,79 Lewis village
Miss,Nilsson,Helmina Josefina,,Oxford,OX9 P2D,35 Suzanne forks
Miss,Oreskovic,Marija,,Chelmsford,CM3 M91,"Studio 7, Flynn neck"
Rev.,Carter,Ernest Courtenay,,Slough,SL8 BWY,1 Georgina mission
Mrs.,Graham,Edith,Junkins,Edinburgh,EH1 8F5,2 Kevin road
Mr.,Navratil,Michel ,,Paisley,PA9 HDH,674 Malcolm station
Mr.,Gustafsson,Johan Birger,,York,YO8 1UB,"Studio 47U, Miller via"
Mr.,Sheerlinck,Jan Baptist,,Harrow,HA6 P9D,8 Kayleigh way
Mr.,Markoff,Marin,,,,
Mr.,Nicholls,Joseph Charles,,Carlisle,CA4 7YO,"Studio 35, Hugh cliff"
Mr.,Carbines,William,,Colchester,CO9 CGA,160 Wong place
Mr.,Cacic,Luka,,Kilmarnock,KA9 AZ8,"Flat 9, Paula islands"
Miss,Lehmann,Bertha,,,,
Mr.,Coxon,Daniel,,Oxford,OX1 Z89,"Studio 9, Thompson tunnel"
Mr.,Meyer,Edgar Joseph,,,,
Miss,Bowerman,Elsie Edith,,Crewe,CW0 OFU,"Flat 66W, Martin circle"
Mr.,Millet,Francis Davis,,Sunderland,SR4 8WG,"Studio 63w, Edward tunnel"
Mrs.,Danbom,Anna Sigrid Maria,Brogren,Southend-on-Sea,SS0 GGM,"Studio 0, Paul pine"
Master,Goodwin,Harold Victor,,Torquay,TQ8 38W,"Studio 62v, Owen groves"
Mrs.,Watt,"Elizabeth ""Bessie"" Inglis",Milne,Exeter,EX5 IGT,505 James valleys
Mrs.,Sandstrom,Agnes Charlotta,Bengtsson,Dorchester,DT4 TCW,"Studio 90E, Mellor alley"
Mr.,Carrau,Francisco M,,Reading,RG5 S1U,"Flat 79, Howell isle"
Mr.,Tornquist,William Henry,,Harrogate,HG8 KH2,4 Dawn brooks
Mrs.,Lobb,Cordelia K,Stanlick,Darlington,DL8 CMC,503 Melissa spring
Mr.,Lam,Len,,Sheffield,S36 DIK,"Studio 27, Iain ferry"
Mr.,Padro y Manent,Julian,,,,
Miss,Isham,Ann Elizabeth,,,,
Mr.,Pekoniemi,Edvard,,London,E14 0OP,"Studio 57F, Kate ridges"
Mrs.,Nye,Elizabeth,Ramell,Newport,NP2 0VL,619 French land
Mrs.,Caram,Maria,Elias,,,
Mrs.,Rothschild,Elizabeth L.,Barrett,,,
Mrs.,Louch,Alice Adelaide,Slow,Perth,PH1 MG8,4 Kathryn points
Miss,Johnston,"Catherine Helen ""Carrie""",,Swindon,SN2 FMZ,8 Tina center
Mr.,Slabenoff,Petco,,Plymouth,PL8 L1Q,9 Edward union
Mlle.,Sagesser,Emma,,,,
Master,Goodwin,William Frederick,,Tunbridge Wells,TN1 CPO,"Flat 3, Saunders heights"
Mr.,O'Brien,Timothy,,Guildford,GU3 K7F,7 Spencer brook
Mr.,Morley,Henry Samuel ,,Croydon,CR4 H6J,7 Lowe gateway
Mrs.,Hogeboom,Anna,Andrews,London,SE4 6GH,666 Green rapids
Mr.,Sdycoff,Todor,,Bolton,BL5 G9W,40 Williams lake
Mr.,McEvoy,Michael,,Hereford,HR5 N9M,"Studio 52, Edward hollow"
Rev.,Byles,Thomas Roussel Davids,,Ipswich,IP2 I4J,"Studio 15, Bruce ramp"
Master,Nicola-Yarred,Elias,,,,
Rev.,Harper,John,,Brighton,BN4 IO0,32 Craig stream
Mr.,Persson,Ernst Ulrik,,Doncaster,DN6 ORH,69 Joe club
Mr.,O'Connor,Maurice,,Wigan,WN2 PFY,"Studio 42, Gerald bridge"
Mr.,Leinonen,Antti Gustaf,,Paisley,PA7 WYJ,7 Brady place
Master,Panula,Eino Viljami,,Wolverhampton,WV9 7FV,713 Young burgs
Mr.,Razi,Raihed,,,,
Mr.,Calderhead,Edward Pennington,,Guildford,GU9 KIG,"Studio 20i, Gemma court"
Miss,Christy,Julie Rachel,,Manchester,M61 0JS,61 Phillips circles
Mr.,Vande Velde,Johannes Joseph,,Hebrides,HS6 WSN,"Flat 88K, Smith key"
Mrs.,Richards,Emily,Hocking,Derby,DE9 305,40 Barlow crossing
Miss,Icard,Amelie,,,,
Mr.,Hocking,Richard George,,Halifax,HX5 G3N,4 Paula mill
Mr.,Fortune,Mark,,Aberdeen,AB9 R7B,79 Smith unions
Mr.,Salonen,Johan Werner,,Oxford,OX9 C1C,002 Thomas ville
Mrs.,Robert,Elisabeth Walton,McMillan,Newport,NP4 YF6,"Studio 26K, Elliot harbor"
Mrs.,Thorne,Gertrude Maybelle,,,,
Miss,Smith,Marion Elsie,,Doncaster,DN0 Y9Q,430 Luke crossroad
Mr.,Mallet,Albert,,,,
Mrs.,Cumings,Florence Briggs,Thayer,,,
Mr.,Brown,Thomas William Solomon,,Derby,DE7 7RL,90 Kayleigh stream
Mr.,Sirota,Maurice,,Colchester,CO5 3FQ,"Studio 51, Jay mews"
Mr.,Gronnestad,Daniel Danielsen,,Derby,DE6 WEG,3 Bernard manors
Miss,Mullens,"Katherine ""Katie""",,Kingston upon Thames,KT1 ONA,"Flat 88n, Lee shoal"
Mr.,Homer,Harry ,,,,
Mr.,Beesley,Lawrence,,Derby,DE7 PYH,"Studio 52, Macdonald forest"
Mr.,Smith,James Clinch,,,,
Mr.,Pengelly,Frederick William,,Luton,LU0 IAJ,"Studio 3, Murphy unions"
